                  epoch,         train/box_loss,         train/cls_loss,         train/dfl_loss,   metrics/precision(B),      metrics/recall(B),       metrics/mAP50(B),    metrics/mAP50-95(B),           val/box_loss,           val/cls_loss,           val/dfl_loss,                 lr/pg0,                 lr/pg1,                 lr/pg2
                      1,                0.28506,                0.25491,                0.95125,                 0.8738,                0.55732,                0.65817,                0.61324,                 0.4146,                0.72736,                 1.0107,             0.00022179,             0.00022179,             0.00022179
                      2,                 0.3353,                0.32852,                0.98019,                0.82335,                0.55438,                0.61474,                0.56651,                0.44282,                0.82355,                  1.049,             0.00043533,             0.00043533,             0.00043533
